timestamp,id,complete,frame_count,rec_00,rec_01,rec_02,rec_03,rec_04,rec_05,rec_06,rec_FF
2026-08-04T16:53:43.342612+00:00,170,True,1,,,,,,,,00000000000000
2026-08-04T16:53:43.407097+00:00,170,True,8,02470415A8FFFF,015A73A0116700,00090000000000,0561000000FFFF,00000000000000,00000000000000,00000000000000,00000000000000
2026-08-04T16:53:43.506344+00:00,170,True,8,024C0415A4FFFF,015973A0116B00,00090000000000,052E000000FFFF,00000000000000,00000000000000,00000000000000,00000000000000
2026-08-04T16:53:43.605644+00:00,170,True,8,024C04159DFFFF,015D73A0117200,00090000000000,0561000000FFFF,00000000000000,00000000000000,00000000000000,00000000000000
2026-08-04T16:53:43.704906+00:00,170,True,8,02490415BAFFFF,015B73A0115500,00090000000000,052E000000FFFF,00000000000000,00000000000000,00000000000000,00000000000000
2026-08-04T16:53:43.804203+00:00,170,True,8,02460415ADFFFF,015C73A0116200,00090000000000,0548000000FFFF,00000000000000,00000000000000,00000000000000,00000000000000
2026-08-04T16:53:43.903520+00:00,170,True,8,024A0415A2FFFF,015673A0116D00,00090000000000,052E000000FFFF,00000000000000,00000000000000,00000000000000,00000000000000
2026-08-04T16:53:44.002763+00:00,170,True,8,024B04159AFFFF,015C73A0117500,00090000000000,0548000000FFFF,00000000000000,00000000000000,00000000000000,00000000000000
2026-08-04T16:53:44.102045+00:00,170,True,8,024904159AFFFF,015B73A0117500,00090000000000,052E000000FFFF,00000000000000,00000000000000,00000000000000,00000000000000
2026-08-04T16:53:44.201324+00:00,170,True,8,024704159FFFFF,015B73A0117000,00090000000000,0561000000FFFF,00000000000000,00000000000000,00000000000000,00000000000000
2026-08-04T16:53:44.300622+00:00,170,True,8,02470415A6FFFF,015773A0116900,00090000000000,052E000000FFFF,00000000000000,00000000000000,00000000000000,00000000000000
2026-08-04T16:53:44.399879+00:00,170,True,8,02440415C6FFFF,015C73A0114900,00090000000000,0548000000FFFF,00000000000000,00000000000000,00000000000000,00000000000000
2026-08-04T16:53:44.499187+00:00,170,True,8,023F0415D7FFFF,015973A0113800,00090000000000,047B000000FFFF,00000000000000,00000000000000,00000000000000,00000000000000
2026-08-04T16:53:44.598483+00:00,170,True,8,023F0415E7FFFF,015773A0112800,00090000000000,0561000000FFFF,00000000000000,00000000000000,00000000000000,00000000000000
2026-08-04T16:53:44.697732+00:00,170,True,8,023D0415D5FFFF,015973A0113A00,00090000000000,052E000000FFFF,00000000000000,00000000000000,00000000000000,00000000000000
2026-08-04T16:53:44.797056+00:00,170,True,8,02410415BCFFFF,015873A0115300,00090000000000,0561000000FFFF,00000000000000,00000000000000,00000000000000,00000000000000
2026-08-04T16:53:44.896360+00:00,170,True,8,02480415A8FFFF,015B73A0116700,00090000000000,052E000000FFFF,00000000000000,00000000000000,00000000000000,00000000000000
2026-08-04T16:53:44.995573+00:00,170,True,8,024B04159CFFFF,015F73A0117300,00090000000000,0548000000FFFF,00000000000000,00000000000000,00000000000000,00000000000000
2026-08-04T16:53:45.094889+00:00,170,True,8,024C04158EFFFF,015D73A0118100,00090000000000,052E000000FFFF,00000000000000,00000000000000,00000000000000,00000000000000
2026-08-04T16:53:45.194134+00:00,170,True,8,02490415B6FFFF,015E73A0115900,00090000000000,0561000000FFFF,00000000000000,00000000000000,00000000000000,00000000000000
2026-08-04T16:53:45.293429+00:00,170,True,8,02480415A5FFFF,015C73A0116A00,00090000000000,052E000000FFFF,00000000000000,00000000000000,00000000000000,00000000000000
2026-08-04T16:53:45.392705+00:00,170,True,8,02490415AEFFFF,015C73A0116100,00090000000000,0561000000FFFF,00000000000000,00000000000000,00000000000000,00000000000000
2026-08-04T16:53:45.492010+00:00,170,True,8,02490415A8FFFF,015C73A0116700,00090000000000,052E000000FFFF,00000000000000,00000000000000,00000000000000,00000000000000
2026-08-04T16:53:45.591300+00:00,170,True,8,02490415B4FFFF,015C73A0115B00,00090000000000,0561000000FFFF,00000000000000,00000000000000,00000000000000,00000000000000
2026-08-04T16:53:45.690552+00:00,170,True,8,02450415AFFFFF,015C73A0116000,00090000000000,052E000000FFFF,00000000000000,00000000000000,00000000000000,00000000000000
2026-08-04T16:53:45.789845+00:00,170,True,8,024604159AFFFF,015A73A0117500,00090000000000,0561000000FFFF,00000000000000,00000000000000,00000000000000,00000000000000
2026-08-04T16:53:45.889172+00:00,170,True,8,024B04158BFFFF,015B73A0118400,00090000000000,052E000000FFFF,00000000000000,00000000000000,00000000000000,00000000000000
2026-08-04T16:53:45.988395+00:00,170,True,8,024D041596FFFF,016073A0117900,00090000000000,0561000000FFFF,00000000000000,00000000000000,00000000000000,00000000000000
2026-08-04T16:53:46.087687+00:00,170,True,8,025104156CFFFF,015E73A011A300,00090000000000,052E000000FFFF,00000000000000,00000000000000,00000000000000,00000000000000
2026-08-04T16:53:46.186959+00:00,170,True,8,024E041599FFFF,015F73A0117600,00090000000000,0561000000FFFF,00000000000000,00000000000000,00000000000000,00000000000000
2026-08-04T16:53:46.286250+00:00,170,True,8,02430415B3FFFF,015D73A0115C00,00090000000000,0515000000FFFF,00000000000000,00000000000000,00000000000000,00000000000000
2026-08-04T16:53:46.385535+00:00,170,True,8,024804158BFFFF,015673A0118400,00090000000000,0548000000FFFF,00000000000000,00000000000000,00000000000000,00000000000000
2026-08-04T16:53:46.484817+00:00,170,True,8,025904154FFFFF,015A73A011C000,00090000000000,0515000000FFFF,00000000000000,00000000000000,00000000000000,00000000000000
2026-08-04T16:53:46.584101+00:00,170,True,8,025E041565FFFF,016273A011AA00,00090000000000,0548000000FFFF,00000000000000,00000000000000,00000000000000,00000000000000
2026-08-04T16:53:46.683376+00:00,170,True,8,024D04158AFFFF,016273A0118500,00090000000000,0462000000FFFF,00000000000000,00000000000000,00000000000000,00000000000000
2026-08-04T16:53:46.782665+00:00,170,True,8,0243041596FFFF,015673A0117900,00090000000000,052E000000FFFF,00000000000000,00000000000000,00000000000000,00000000000000
2026-08-04T16:53:46.881992+00:00,170,True,8,024C041586FFFF,015673A0118900,00090000000000,0515000000FFFF,00000000000000,00000000000000,00000000000000,00000000000000
2026-08-04T16:53:46.981227+00:00,170,True,8,024B0415A2FFFF,015D73A0116D00,00090000000000,0561000000FFFF,00000000000000,00000000000000,00000000000000,00000000000000
2026-08-04T16:53:47.080519+00:00,170,True,8,0243041599FFFF,015973A0117600,00090000000000,052E000000FFFF,00000000000000,00000000000000,00000000000000,00000000000000
2026-08-04T16:53:47.179791+00:00,170,True,8,0245041595FFFF,015673A0117A00,00090000000000,0561000000FFFF,00000000000000,00000000000000,00000000000000,00000000000000
2026-08-04T16:53:47.279077+00:00,170,True,8,024A041587FFFF,015873A0118800,00090000000000,052E000000FFFF,00000000000000,00000000000000,00000000000000,00000000000000
2026-08-04T16:53:47.378363+00:00,170,True,8,02480415C0FFFF,015B73A0114F00,00090000000000,0561000000FFFF,00000000000000,00000000000000,00000000000000,00000000000000
2026-08-04T16:53:47.477643+00:00,170,True,8,023D0415DBFFFF,015B73A0113400,00090000000000,052E000000FFFF,00000000000000,00000000000000,00000000000000,00000000000000
2026-08-04T16:53:47.576947+00:00,170,True,8,023B0415EAFFFF,015473A0112500,00090000000000,0548000000FFFF,00000000000000,00000000000000,00000000000000,00000000000000
2026-08-04T16:53:47.676204+00:00,170,True,8,02420415D3FFFF,015773A0113C00,00090000000000,052E000000FFFF,00000000000000,00000000000000,00000000000000,00000000000000
2026-08-04T16:53:47.775502+00:00,170,True,8,02460415C1FFFF,015873A0114E00,00090000000000,0561000000FFFF,00000000000000,00000000000000,00000000000000,00000000000000
2026-08-04T16:53:47.874763+00:00,170,True,8,02480415B5FFFF,015C73A0115A00,00090000000000,052E000000FFFF,00000000000000,00000000000000,00000000000000,00000000000000
2026-08-04T16:53:47.974071+00:00,170,True,8,024B041598FFFF,015973A0117700,00090000000000,0561000000FFFF,00000000000000,00000000000000,00000000000000,00000000000000
2026-08-04T16:53:48.073394+00:00,170,True,8,024B0415A6FFFF,015D73A0116900,00090000000000,052E000000FFFF,00000000000000,00000000000000,00000000000000,00000000000000
2026-08-04T16:53:48.172695+00:00,170,True,8,024A0415AAFFFF,015B73A0116500,00090000000000,0561000000FFFF,00000000000000,00000000000000,00000000000000,00000000000000
2026-08-04T16:53:48.271952+00:00,170,True,8,02470415BEFFFF,015C73A0115100,00090000000000,0515000000FFFF,00000000000000,00000000000000,00000000000000,00000000000000
2026-08-04T16:53:48.371199+00:00,170,True,8,02420415C9FFFF,015A73A0114600,00090000000000,047B000000FFFF,00000000000000,00000000000000,00000000000000,00000000000000
2026-08-04T16:53:48.470468+00:00,170,True,8,02430415C2FFFF,015873A0114D00,00090000000000,04C8000000FFFF,00000000000000,00000000000000,00000000000000,00000000000000
2026-08-04T16:53:48.569756+00:00,170,True,8,024A0415B6FFFF,015973A0115900,00090000000000,0561000000FFFF,00000000000000,00000000000000,00000000000000,00000000000000
2026-08-04T16:53:48.669032+00:00,170,True,8,024A0415ADFFFF,015E73A0116200,00090000000000,052E000000FFFF,00000000000000,00000000000000,00000000000000,00000000000000
2026-08-04T16:53:48.768326+00:00,170,True,8,02460415B7FFFF,015C73A0115800,00090000000000,0548000000FFFF,00000000000000,00000000000000,00000000000000,00000000000000
2026-08-04T16:53:48.867640+00:00,170,True,8,02420415B4FFFF,015B73A0115B00,00090000000000,052E000000FFFF,00000000000000,00000000000000,00000000000000,00000000000000
2026-08-04T16:53:48.966874+00:00,170,True,8,02420415ABFFFF,015873A0116400,00090000000000,0548000000FFFF,00000000000000,00000000000000,00000000000000,00000000000000
2026-08-04T16:53:49.066161+00:00,170,True,8,0247041595FFFF,015973A0117A00,00090000000000,052E000000FFFF,00000000000000,00000000000000,00000000000000,00000000000000
2026-08-04T16:53:49.165452+00:00,170,True,8,025104156BFFFF,015B73A011A400,00090000000000,0561000000FFFF,00000000000000,00000000000000,00000000000000,00000000000000
2026-08-04T16:53:49.264725+00:00,170,True,8,025604156BFFFF,016073A011A400,00090000000000,052E000000FFFF,00000000000000,00000000000000,00000000000000,00000000000000
2026-08-04T16:53:49.364042+00:00,170,True,8,025104157AFFFF,016073A0119500,00090000000000,0548000000FFFF,00000000000000,00000000000000,00000000000000,00000000000000
2026-08-04T16:53:49.463294+00:00,170,True,8,02470415ACFFFF,015B73A0116300,00090000000000,052E000000FFFF,00000000000000,00000000000000,00000000000000,00000000000000
2026-08-04T16:53:49.562580+00:00,170,True,8,023C0415CFFFFF,015873A0114000,00090000000000,0548000000FFFF,00000000000000,00000000000000,00000000000000,00000000000000
2026-08-04T16:53:49.661852+00:00,170,True,8,02390415D6FFFF,015473A0113900,00090000000000,0515000000FFFF,00000000000000,00000000000000,00000000000000,00000000000000
2026-08-04T16:53:49.761142+00:00,170,True,8,02400415B8FFFF,015673A0115700,00090000000000,0561000000FFFF,00000000000000,00000000000000,00000000000000,00000000000000
2026-08-04T16:53:49.860469+00:00,170,True,8,02410415C8FFFF,015A73A0114700,00090000000000,052E000000FFFF,00000000000000,00000000000000,00000000000000,00000000000000
2026-08-04T16:53:49.959705+00:00,170,True,8,02430415B8FFFF,015973A0115700,00090000000000,0548000000FFFF,00000000000000,00000000000000,00000000000000,00000000000000
2026-08-04T16:53:50.058998+00:00,170,True,8,02490415B4FFFF,015B73A0115B00,00090000000000,052E000000FFFF,00000000000000,00000000000000,00000000000000,00000000000000
2026-08-04T16:53:50.158265+00:00,170,True,8,024B0415AAFFFF,015C73A0116500,00090000000000,052E000000FFFF,00000000000000,00000000000000,00000000000000,00000000000000
2026-08-04T16:53:50.257580+00:00,170,True,8,02480415B4FFFF,015D73A0115B00,00090000000000,0495000000FFFF,00000000000000,00000000000000,00000000000000,00000000000000
2026-08-04T16:53:50.356858+00:00,170,True,8,02450415BFFFFF,015A73A0115000,00090000000000,0548000000FFFF,00000000000000,00000000000000,00000000000000,00000000000000
2026-08-04T16:53:50.456122+00:00,170,True,8,02450415C5FFFF,015B73A0114A00,00090000000000,052E000000FFFF,00000000000000,00000000000000,00000000000000,00000000000000
2026-08-04T16:53:50.555430+00:00,170,True,8,02450415B1FFFF,015A73A0115E00,00090000000000,0548000000FFFF,00000000000000,00000000000000,00000000000000,00000000000000
2026-08-04T16:53:50.654690+00:00,170,True,8,02450415C1FFFF,015A73A0114E00,00090000000000,052E000000FFFF,00000000000000,00000000000000,00000000000000,00000000000000
2026-08-04T16:53:50.753966+00:00,170,True,8,02450415AAFFFF,015B73A0116500,00090000000000,0548000000FFFF,00000000000000,00000000000000,00000000000000,00000000000000
2026-08-04T16:53:50.853319+00:00,170,True,8,02480415B4FFFF,015973A0115B00,00090000000000,052E000000FFFF,00000000000000,00000000000000,00000000000000,00000000000000
2026-08-04T16:53:50.952550+00:00,170,True,8,02490415A1FFFF,015C73A0116E00,00090000000000,0548000000FFFF,00000000000000,00000000000000,00000000000000,00000000000000
2026-08-04T16:53:51.051819+00:00,170,True,8,024E041593FFFF,015B73A0117C00,00090000000000,052E000000FFFF,00000000000000,00000000000000,00000000000000,00000000000000
2026-08-04T16:53:51.151095+00:00,170,True,8,0251041587FFFF,015D73A0118800,00090000000000,0561000000FFFF,00000000000000,00000000000000,00000000000000,00000000000000
2026-08-04T16:53:51.250387+00:00,170,True,8,024D0415A8FFFF,015C73A0116700,00090000000000,0548000000FFFF,00000000000000,00000000000000,00000000000000,00000000000000
2026-08-04T16:53:51.349669+00:00,170,True,8,02470415A8FFFF,015A73A0116700,00090000000000,0548000000FFFF,00000000000000,00000000000000,00000000000000,00000000000000
2026-08-04T16:53:51.448943+00:00,170,True,8,02460415C2FFFF,015873A0114D00,00090000000000,052E000000FFFF,00000000000000,00000000000000,00000000000000,00000000000000
2026-08-04T16:53:51.548227+00:00,170,True,8,02440415BAFFFF,015973A0115500,00090000000000,0548000000FFFF,00000000000000,00000000000000,00000000000000,00000000000000
2026-08-04T16:53:51.647504+00:00,170,True,8,02430415BBFFFF,015973A0115400,00090000000000,052E000000FFFF,00000000000000,00000000000000,00000000000000,00000000000000
2026-08-04T16:53:51.746817+00:00,170,True,8,02470415AEFFFF,015873A0116100,00090000000000,0548000000FFFF,00000000000000,00000000000000,00000000000000,00000000000000
2026-08-04T16:53:51.846116+00:00,170,True,8,024A0415A9FFFF,015B73A0116600,00090000000000,0548000000FFFF,00000000000000,00000000000000,00000000000000,00000000000000
2026-08-04T16:53:51.945364+00:00,170,True,8,02480415BBFFFF,015D73A0115400,00090000000000,0548000000FFFF,00000000000000,00000000000000,00000000000000,00000000000000
2026-08-04T16:53:52.044643+00:00,170,True,8,02460415BFFFFF,015B73A0115000,00090000000000,0515000000FFFF,00000000000000,00000000000000,00000000000000,00000000000000
2026-08-04T16:53:52.143922+00:00,170,True,8,02460415C2FFFF,015B73A0114D00,00090000000000,047B000000FFFF,00000000000000,00000000000000,00000000000000,00000000000000
2026-08-04T16:53:52.243209+00:00,170,True,8,02450415BAFFFF,015873A0115500,00090000000000,052E000000FFFF,00000000000000,00000000000000,00000000000000,00000000000000
2026-08-04T16:53:52.342492+00:00,170,True,8,02470415BFFFFF,015A73A0115000,00090000000000,0548000000FFFF,00000000000000,00000000000000,00000000000000,00000000000000
2026-08-04T16:53:52.441774+00:00,170,True,8,02440415BFFFFF,015B73A0115000,00090000000000,0548000000FFFF,00000000000000,00000000000000,00000000000000,00000000000000
2026-08-04T16:53:52.541054+00:00,170,True,8,024704159AFFFF,015973A0117500,00090000000000,0548000000FFFF,00000000000000,00000000000000,00000000000000,00000000000000
2026-08-04T16:53:52.640334+00:00,170,True,8,025104157DFFFF,015A73A0119200,00090000000000,0548000000FFFF,00000000000000,00000000000000,00000000000000,00000000000000
2026-08-04T16:53:52.739626+00:00,170,True,8,0251041583FFFF,016073A0118C00,00090000000000,0548000000FFFF,00000000000000,00000000000000,00000000000000,00000000000000
2026-08-04T16:53:52.838949+00:00,170,True,8,024E04157DFFFF,015E73A0119200,00090000000000,0548000000FFFF,00000000000000,00000000000000,00000000000000,00000000000000
2026-08-04T16:53:52.938199+00:00,170,True,8,024E041577FFFF,015C73A0119800,00090000000000,0548000000FFFF,00000000000000,00000000000000,00000000000000,00000000000000
2026-08-04T16:53:53.037472+00:00,170,True,8,024E04157DFFFF,015B73A0119200,00090000000000,0548000000FFFF,00000000000000,00000000000000,00000000000000,00000000000000
2026-08-04T16:53:53.136752+00:00,170,True,8,024A041596FFFF,015C73A0117900,00090000000000,0548000000FFFF,00000000000000,00000000000000,00000000000000,00000000000000
2026-08-04T16:53:53.236036+00:00,170,True,8,024B04158CFFFF,015B73A0118300,00090000000000,0548000000FFFF,00000000000000,00000000000000,00000000000000,00000000000000
2026-08-04T16:53:53.335331+00:00,170,True,8,024B0415ADFFFF,015B73A0116200,00090000000000,0548000000FFFF,00000000000000,00000000000000,00000000000000,00000000000000
2026-08-04T16:53:53.434612+00:00,170,True,8,02430415B6FFFF,015B73A0115900,00090000000000,052E000000FFFF,00000000000000,00000000000000,00000000000000,00000000000000
2026-08-04T16:53:53.533914+00:00,170,True,8,02420415AEFFFF,015973A0116100,00090000000000,0548000000FFFF,00000000000000,00000000000000,00000000000000,00000000000000
2026-08-04T16:53:53.633164+00:00,170,True,8,024F041584FFFF,015A73A0118B00,00090000000000,0548000000FFFF,00000000000000,00000000000000,00000000000000,00000000000000
2026-08-04T16:53:53.732483+00:00,170,True,8,024E0415A1FFFF,015E73A0116E00,00090000000000,0548000000FFFF,00000000000000,00000000000000,00000000000000,00000000000000
2026-08-04T16:53:53.831778+00:00,170,True,8,02400415A7FFFF,015C73A0116800,00090000000000,0548000000FFFF,00000000000000,00000000000000,00000000000000,00000000000000
2026-08-04T16:53:53.931121+00:00,170,True,8,023E0415B4FFFF,015473A0115B00,00090000000000,0548000000FFFF,00000000000000,00000000000000,00000000000000,00000000000000
2026-08-04T16:53:54.030329+00:00,170,True,8,024904157BFFFF,015673A0119400,00090000000000,0548000000FFFF,00000000000000,00000000000000,00000000000000,00000000000000
2026-08-04T16:53:54.129583+00:00,170,True,8,025304157EFFFF,015A73A0119100,00090000000000,0548000000FFFF,00000000000000,00000000000000,00000000000000,00000000000000
2026-08-04T16:53:54.228872+00:00,170,True,8,0254041565FFFF,015F73A011AA00,00090000000000,0548000000FFFF,00000000000000,00000000000000,00000000000000,00000000000000
2026-08-04T16:53:54.328166+00:00,170,True,8,0251041581FFFF,015D73A0118E00,00090000000000,0548000000FFFF,00000000000000,00000000000000,00000000000000,00000000000000
2026-08-04T16:53:54.427434+00:00,170,True,8,02480415A5FFFF,015B73A0116A00,00090000000000,047B000000FFFF,00000000000000,00000000000000,00000000000000,00000000000000
2026-08-04T16:53:54.526722+00:00,170,True,8,023E0415D0FFFF,015773A0113F00,00090000000000,0548000000FFFF,00000000000000,00000000000000,00000000000000,00000000000000
2026-08-04T16:53:54.625996+00:00,170,True,8,023D0415C2FFFF,015573A0114D00,00090000000000,0548000000FFFF,00000000000000,00000000000000,00000000000000,00000000000000
2026-08-04T16:53:54.725299+00:00,170,True,8,023E0415CAFFFF,015473A0114500,00090000000000,0548000000FFFF,00000000000000,00000000000000,00000000000000,00000000000000
2026-08-04T16:53:54.824569+00:00,170,True,8,02410415B3FFFF,015873A0115C00,00090000000000,0548000000FFFF,00000000000000,00000000000000,00000000000000,00000000000000
2026-08-04T16:53:54.923844+00:00,170,True,8,02490415ABFFFF,015873A0116400,00090000000000,0548000000FFFF,00000000000000,00000000000000,00000000000000,00000000000000
2026-08-04T16:53:55.023138+00:00,170,True,8,025304157DFFFF,015C73A0119200,00090000000000,0548000000FFFF,00000000000000,00000000000000,00000000000000,00000000000000
2026-08-04T16:53:55.122409+00:00,170,True,8,0255041576FFFF,015D73A0119900,00090000000000,0548000000FFFF,00000000000000,00000000000000,00000000000000,00000000000000
2026-08-04T16:53:55.221724+00:00,170,True,8,0250041588FFFF,016073A0118700,00090000000000,0548000000FFFF,00000000000000,00000000000000,00000000000000,00000000000000
2026-08-04T16:53:55.320984+00:00,170,True,8,02470415A8FFFF,015A73A0116700,00090000000000,0548000000FFFF,00000000000000,00000000000000,00000000000000,00000000000000
2026-08-04T16:53:55.420267+00:00,170,True,8,02460415A7FFFF,015873A0116800,00090000000000,0548000000FFFF,00000000000000,00000000000000,00000000000000,00000000000000
2026-08-04T16:53:55.519548+00:00,170,True,8,02460415B6FFFF,015673A0115900,00090000000000,0548000000FFFF,00000000000000,00000000000000,00000000000000,00000000000000
2026-08-04T16:53:55.618817+00:00,170,True,8,02460415B6FFFF,015973A0115900,00090000000000,0548000000FFFF,00000000000000,00000000000000,00000000000000,00000000000000
2026-08-04T16:53:55.718114+00:00,170,True,8,02440415BAFFFF,015873A0115500,00090000000000,0548000000FFFF,00000000000000,00000000000000,00000000000000,00000000000000
2026-08-04T16:53:55.817394+00:00,170,True,8,02420415B8FFFF,015773A0115700,00090000000000,0548000000FFFF,00000000000000,00000000000000,00000000000000,00000000000000
2026-08-04T16:53:55.916676+00:00,170,True,8,02450415B1FFFF,015773A0115E00,00090000000000,0548000000FFFF,00000000000000,00000000000000,00000000000000,00000000000000
2026-08-04T16:53:56.015965+00:00,170,True,8,024E04158EFFFF,015973A0118100,00090000000000,0548000000FFFF,00000000000000,00000000000000,00000000000000,00000000000000
2026-08-04T16:53:56.115243+00:00,170,True,8,025104158FFFFF,015D73A0118000,00090000000000,0548000000FFFF,00000000000000,00000000000000,00000000000000,00000000000000
2026-08-04T16:53:56.214539+00:00,170,True,8,024F041597FFFF,015F73A0117800,00090000000000,0548000000FFFF,00000000000000,00000000000000,00000000000000,00000000000000
2026-08-04T16:53:56.313817+00:00,170,True,8,02490415B7FFFF,015D73A0115800,00090000000000,052E000000FFFF,00000000000000,00000000000000,00000000000000,00000000000000
2026-08-04T16:53:56.413087+00:00,170,True,8,02430415BBFFFF,015A73A0115400,00090000000000,04E2000000FFFF,00000000000000,00000000000000,00000000000000,00000000000000
2026-08-04T16:53:56.512395+00:00,170,True,8,02430415BAFFFF,015673A0115500,00090000000000,0548000000FFFF,00000000000000,00000000000000,00000000000000,00000000000000
2026-08-04T16:53:56.611657+00:00,170,True,8,02480415B2FFFF,015A73A0115D00,00090000000000,0548000000FFFF,00000000000000,00000000000000,00000000000000,00000000000000
2026-08-04T16:53:56.710933+00:00,170,True,8,024A04159EFFFF,015973A0117100,00090000000000,0548000000FFFF,00000000000000,00000000000000,00000000000000,00000000000000
2026-08-04T16:53:56.810256+00:00,170,True,8,024B041593FFFF,015B73A0117C00,00090000000000,0548000000FFFF,00000000000000,00000000000000,00000000000000,00000000000000
2026-08-04T16:53:56.909508+00:00,170,True,8,024C04158EFFFF,015B73A0118100,00090000000000,0548000000FFFF,00000000000000,00000000000000,00000000000000,00000000000000
2026-08-04T16:53:57.008835+00:00,170,True,8,024A041590FFFF,015C73A0117F00,00090000000000,0548000000FFFF,00000000000000,00000000000000,00000000000000,00000000000000
2026-08-04T16:53:57.108070+00:00,170,True,8,024804158CFFFF,015873A0118300,00090000000000,0548000000FFFF,00000000000000,00000000000000,00000000000000,00000000000000
2026-08-04T16:53:57.207376+00:00,170,True,8,024A04158CFFFF,015873A0118300,00090000000000,0548000000FFFF,00000000000000,00000000000000,00000000000000,00000000000000
2026-08-04T16:53:57.306662+00:00,170,True,8,024F04158BFFFF,015B73A0118400,00090000000000,0548000000FFFF,00000000000000,00000000000000,00000000000000,00000000000000
2026-08-04T16:53:57.405933+00:00,170,True,8,02490415A7FFFF,015C73A0116800,00090000000000,0548000000FFFF,00000000000000,00000000000000,00000000000000,00000000000000
2026-08-04T16:53:57.505220+00:00,170,True,8,023F0415B2FFFF,015973A0115D00,00090000000000,0548000000FFFF,00000000000000,00000000000000,00000000000000,00000000000000
2026-08-04T16:53:57.604488+00:00,170,True,8,02430415B1FFFF,015573A0115E00,00090000000000,0548000000FFFF,00000000000000,00000000000000,00000000000000,00000000000000
2026-08-04T16:53:57.703779+00:00,170,True,8,025004157EFFFF,015973A0119100,00090000000000,052E000000FFFF,00000000000000,00000000000000,00000000000000,00000000000000
2026-08-04T16:53:57.803066+00:00,170,True,8,025704157AFFFF,015E73A0119500,00090000000000,0548000000FFFF,00000000000000,00000000000000,00000000000000,00000000000000
2026-08-04T16:53:57.902350+00:00,170,True,8,0252041574FFFF,016173A0119B00,00090000000000,0548000000FFFF,00000000000000,00000000000000,00000000000000,00000000000000
2026-08-04T16:53:58.001627+00:00,170,True,8,024804158EFFFF,015A73A0118100,00090000000000,0548000000FFFF,00000000000000,00000000000000,00000000000000,00000000000000
2026-08-04T16:53:58.100909+00:00,170,True,8,024404158EFFFF,015773A0118100,00090000000000,0548000000FFFF,00000000000000,00000000000000,00000000000000,00000000000000
2026-08-04T16:53:58.200205+00:00,170,True,8,02400415BAFFFF,015773A0115500,00090000000000,0548000000FFFF,00000000000000,00000000000000,00000000000000,00000000000000
2026-08-04T16:53:58.299534+00:00,170,True,8,024504158EFFFF,015673A0118100,00090000000000,0548000000FFFF,00000000000000,00000000000000,00000000000000,00000000000000
2026-08-04T16:53:58.398762+00:00,170,True,8,025404156AFFFF,015973A011A500,00090000000000,0561000000FFFF,00000000000000,00000000000000,00000000000000,00000000000000
2026-08-04T16:53:58.498051+00:00,170,True,8,025904155AFFFF,016073A011B500,00090000000000,0548000000FFFF,00000000000000,00000000000000,00000000000000,00000000000000
2026-08-04T16:53:58.597319+00:00,170,True,8,0251041584FFFF,016073A0118B00,00090000000000,0548000000FFFF,00000000000000,00000000000000,00000000000000,00000000000000
2026-08-04T16:53:58.696615+00:00,170,True,8,0248041583FFFF,015973A0118C00,00090000000000,052E000000FFFF,00000000000000,00000000000000,00000000000000,00000000000000
2026-08-04T16:53:58.795925+00:00,170,True,8,024904159BFFFF,015673A0117400,00090000000000,04AE000000FFFF,00000000000000,00000000000000,00000000000000,00000000000000
2026-08-04T16:53:58.895178+00:00,170,True,8,024C041582FFFF,015973A0118D00,00090000000000,0495000000FFFF,00000000000000,00000000000000,00000000000000,00000000000000
2026-08-04T16:53:58.994461+00:00,170,True,8,024C0415A2FFFF,015873A0116D00,00090000000000,0548000000FFFF,00000000000000,00000000000000,00000000000000,00000000000000
2026-08-04T16:53:59.093742+00:00,170,True,8,024B041591FFFF,015B73A0117E00,00090000000000,0548000000FFFF,00000000000000,00000000000000,00000000000000,00000000000000
2026-08-04T16:53:59.193071+00:00,170,True,8,024B04158CFFFF,015873A0118300,00090000000000,0561000000FFFF,00000000000000,00000000000000,00000000000000,00000000000000
2026-08-04T16:53:59.292368+00:00,170,True,8,024E041576FFFF,015873A0119900,00090000000000,0548000000FFFF,00000000000000,00000000000000,00000000000000,00000000000000
2026-08-04T16:53:59.391592+00:00,170,True,8,024E041588FFFF,015A73A0118700,00090000000000,0561000000FFFF,00000000000000,00000000000000,00000000000000,00000000000000
2026-08-04T16:53:59.490929+00:00,170,True,8,02440415B8FFFF,015A73A0115700,00090000000000,0548000000FFFF,00000000000000,00000000000000,00000000000000,00000000000000
2026-08-04T16:53:59.590160+00:00,170,True,8,02390415EAFFFF,015573A0112500,00090000000000,0561000000FFFF,00000000000000,00000000000000,00000000000000,00000000000000
2026-08-04T16:53:59.689494+00:00,170,True,8,023E0415CDFFFF,015373A0114200,00090000000000,052E000000FFFF,00000000000000,00000000000000,00000000000000,00000000000000
2026-08-04T16:53:59.788760+00:00,170,True,8,02490415CAFFFF,015873A0114500,00090000000000,0561000000FFFF,00000000000000,00000000000000,00000000000000,00000000000000
2026-08-04T16:53:59.888007+00:00,170,True,8,024F04159DFFFF,015F73A0117200,00090000000000,0548000000FFFF,00000000000000,00000000000000,00000000000000,00000000000000
2026-08-04T16:53:59.987332+00:00,170,True,8,0256041583FFFF,015E73A0118C00,00090000000000,0561000000FFFF,00000000000000,00000000000000,00000000000000,00000000000000
2026-08-04T16:54:00.086570+00:00,170,True,8,025604157AFFFF,015F73A0119500,00090000000000,0548000000FFFF,00000000000000,00000000000000,00000000000000,00000000000000
2026-08-04T16:54:00.185861+00:00,170,True,8,024E041593FFFF,015B73A0117C00,00090000000000,0561000000FFFF,00000000000000,00000000000000,00000000000000,00000000000000
2026-08-04T16:54:00.285160+00:00,170,True,8,024904159AFFFF,015973A0117500,00090000000000,052E000000FFFF,00000000000000,00000000000000,00000000000000,00000000000000
2026-08-04T16:54:00.384425+00:00,170,True,8,02470415A5FFFF,015673A0116A00,00090000000000,0548000000FFFF,00000000000000,00000000000000,00000000000000,00000000000000
2026-08-04T16:54:00.483706+00:00,170,True,8,0245041598FFFF,015773A0117700,00090000000000,0548000000FFFF,00000000000000,00000000000000,00000000000000,00000000000000
2026-08-04T16:54:00.582992+00:00,170,True,8,024C04158CFFFF,015673A0118300,00090000000000,0561000000FFFF,00000000000000,00000000000000,00000000000000,00000000000000
2026-08-04T16:54:00.682280+00:00,170,True,8,024D041593FFFF,015B73A0117C00,00090000000000,0548000000FFFF,00000000000000,00000000000000,00000000000000,00000000000000
2026-08-04T16:54:00.781572+00:00,170,True,8,02460415BBFFFF,015A73A0115400,00090000000000,0561000000FFFF,00000000000000,00000000000000,00000000000000,00000000000000
2026-08-04T16:54:00.880857+00:00,170,True,8,02430415C7FFFF,015873A0114800,00090000000000,052E000000FFFF,00000000000000,00000000000000,00000000000000,00000000000000
2026-08-04T16:54:00.980134+00:00,170,True,8,02480415B2FFFF,015773A0115D00,00090000000000,0515000000FFFF,00000000000000,00000000000000,00000000000000,00000000000000
2026-08-04T16:54:01.079405+00:00,170,True,8,024D0415A4FFFF,015B73A0116B00,00090000000000,0495000000FFFF,00000000000000,00000000000000,00000000000000,00000000000000
2026-08-04T16:54:01.178698+00:00,170,True,8,024C0415A5FFFF,015B73A0116A00,00090000000000,052E000000FFFF,00000000000000,00000000000000,00000000000000,00000000000000
2026-08-04T16:54:01.277990+00:00,170,True,8,024A0415AAFFFF,015B73A0116500,00090000000000,052E000000FFFF,00000000000000,00000000000000,00000000000000,00000000000000
2026-08-04T16:54:01.377260+00:00,170,True,8,02490415A2FFFF,015873A0116D00,00090000000000,0561000000FFFF,00000000000000,00000000000000,00000000000000,00000000000000
2026-08-04T16:54:01.476548+00:00,170,True,8,02440415B0FFFF,015B73A0115F00,00090000000000,052E000000FFFF,00000000000000,00000000000000,00000000000000,00000000000000
2026-08-04T16:54:01.575830+00:00,170,True,8,0245041599FFFF,015773A0117600,00090000000000,0561000000FFFF,00000000000000,00000000000000,00000000000000,00000000000000
2026-08-04T16:54:01.675116+00:00,170,True,8,024F04157FFFFF,015973A0119000,00090000000000,052E000000FFFF,00000000000000,00000000000000,00000000000000,00000000000000
2026-08-04T16:54:01.774391+00:00,170,True,8,0252041567FFFF,015D73A011A800,00090000000000,0561000000FFFF,00000000000000,00000000000000,00000000000000,00000000000000
2026-08-04T16:54:01.873681+00:00,170,True,8,0252041567FFFF,015D73A011A800,00090000000000,0548000000FFFF,00000000000000,00000000000000,00000000000000,00000000000000
2026-08-04T16:54:01.972966+00:00,170,True,8,025404155CFFFF,015C73A011B300,00090000000000,0561000000FFFF,00000000000000,00000000000000,00000000000000,00000000000000
2026-08-04T16:54:02.072244+00:00,170,True,8,024D041598FFFF,015C73A0117700,00090000000000,052E000000FFFF,00000000000000,00000000000000,00000000000000,00000000000000
2026-08-04T16:54:02.171534+00:00,170,True,8,024404159BFFFF,015973A0117400,00090000000000,0561000000FFFF,00000000000000,00000000000000,00000000000000,00000000000000
2026-08-04T16:54:02.270813+00:00,170,True,8,024A041595FFFF,015573A0117A00,00090000000000,052E000000FFFF,00000000000000,00000000000000,00000000000000,00000000000000
2026-08-04T16:54:02.370095+00:00,170,True,8,024F04158AFFFF,015B73A0118500,00090000000000,0561000000FFFF,00000000000000,00000000000000,00000000000000,00000000000000
2026-08-04T16:54:02.469385+00:00,170,True,8,024B04159AFFFF,015B73A0117500,00090000000000,052E000000FFFF,00000000000000,00000000000000,00000000000000,00000000000000
2026-08-04T16:54:02.568657+00:00,170,True,8,024A04158CFFFF,015973A0118300,00090000000000,0561000000FFFF,00000000000000,00000000000000,00000000000000,00000000000000
2026-08-04T16:54:02.667949+00:00,170,True,8,024D041586FFFF,015A73A0118900,00090000000000,052E000000FFFF,00000000000000,00000000000000,00000000000000,00000000000000
2026-08-04T16:54:02.767251+00:00,170,True,8,024D041581FFFF,015A73A0118E00,00090000000000,0548000000FFFF,00000000000000,00000000000000,00000000000000,00000000000000
2026-08-04T16:54:02.866540+00:00,170,True,8,024C041583FFFF,015B73A0118C00,00090000000000,052E000000FFFF,00000000000000,00000000000000,00000000000000,00000000000000
2026-08-04T16:54:02.965853+00:00,170,True,8,024D041562FFFF,015873A011AD00,00090000000000,0561000000FFFF,00000000000000,00000000000000,00000000000000,00000000000000
2026-08-04T16:54:03.065087+00:00,170,True,8,024F04155FFFFF,015973A011B000,00090000000000,0548000000FFFF,00000000000000,00000000000000,00000000000000,00000000000000
2026-08-04T16:54:03.164362+00:00,170,True,8,024D041569FFFF,015A73A011A600,00090000000000,0561000000FFFF,00000000000000,00000000000000,00000000000000,00000000000000
2026-08-04T16:54:03.263645+00:00,170,True,8,02470415A7FFFF,015873A0116800,00090000000000,052E000000FFFF,00000000000000,00000000000000,00000000000000,00000000000000
2026-08-04T16:54:03.362929+00:00,170,True,8,024204159CFFFF,015473A0117300,00090000000000,0548000000FFFF,00000000000000,00000000000000,00000000000000,00000000000000
2026-08-04T16:54:03.462261+00:00,170,True,8,024704158EFFFF,015273A0118100,00090000000000,0515000000FFFF,00000000000000,00000000000000,00000000000000,00000000000000
2026-08-04T16:54:03.561497+00:00,170,True,8,025404155AFFFF,015673A011B500,00090000000000,0548000000FFFF,00000000000000,00000000000000,00000000000000,00000000000000
2026-08-04T16:54:03.660790+00:00,170,True,8,0259041564FFFF,015C73A011AB00,00090000000000,0515000000FFFF,00000000000000,00000000000000,00000000000000,00000000000000
2026-08-04T16:54:03.760103+00:00,170,True,8,025004157DFFFF,015C73A0119200,00090000000000,04AE000000FFFF,00000000000000,00000000000000,00000000000000,00000000000000
2026-08-04T16:54:03.859404+00:00,170,True,8,02430415A6FFFF,015573A0116900,00090000000000,052E000000FFFF,00000000000000,00000000000000,00000000000000,00000000000000
2026-08-04T16:54:03.958654+00:00,170,True,8,02400415A6FFFF,015273A0116900,00090000000000,0561000000FFFF,00000000000000,00000000000000,00000000000000,00000000000000
2026-08-04T16:54:04.057915+00:00,170,True,8,024A04158AFFFF,015373A0118500,00090000000000,052E000000FFFF,00000000000000,00000000000000,00000000000000,00000000000000
2026-08-04T16:54:04.157231+00:00,170,True,8,025704155BFFFF,015873A011B400,00090000000000,0561000000FFFF,00000000000000,00000000000000,00000000000000,00000000000000
2026-08-04T16:54:04.256546+00:00,170,True,8,0259041558FFFF,015C73A011B700,00090000000000,052E000000FFFF,00000000000000,00000000000000,00000000000000,00000000000000
2026-08-04T16:54:04.355769+00:00,170,True,8,0250041564FFFF,015C73A011AB00,00090000000000,0561000000FFFF,00000000000000,00000000000000,00000000000000,00000000000000
2026-08-04T16:54:04.455070+00:00,170,True,8,024804157FFFFF,015673A0119000,00090000000000,0548000000FFFF,00000000000000,00000000000000,00000000000000,00000000000000
2026-08-04T16:54:04.554332+00:00,170,True,8,0247041587FFFF,015673A0118800,00090000000000,0561000000FFFF,00000000000000,00000000000000,00000000000000,00000000000000
2026-08-04T16:54:04.653617+00:00,170,True,8,02440415A7FFFF,015473A0116800,00090000000000,052E000000FFFF,00000000000000,00000000000000,00000000000000,00000000000000
2026-08-04T16:54:04.752919+00:00,170,True,8,024704158AFFFF,015473A0118500,00090000000000,0561000000FFFF,00000000000000,00000000000000,00000000000000,00000000000000
2026-08-04T16:54:04.852228+00:00,170,True,8,024C04159DFFFF,015373A0117200,00090000000000,052E000000FFFF,00000000000000,00000000000000,00000000000000,00000000000000
2026-08-04T16:54:04.951470+00:00,170,True,8,024B04159EFFFF,015973A0117100,00090000000000,0561000000FFFF,00000000000000,00000000000000,00000000000000,00000000000000
2026-08-04T16:54:05.050761+00:00,170,True,8,02470415BEFFFF,015673A0115100,00090000000000,052E000000FFFF,00000000000000,00000000000000,00000000000000,00000000000000
2026-08-04T16:54:05.150102+00:00,170,True,8,02440415AFFFFF,015673A0116000,00090000000000,0561000000FFFF,00000000000000,00000000000000,00000000000000,00000000000000
2026-08-04T16:54:05.249324+00:00,170,True,8,02480415A4FFFF,015473A0116B00,00090000000000,052E000000FFFF,00000000000000,00000000000000,00000000000000,00000000000000
2026-08-04T16:54:05.348613+00:00,170,True,8,024E041590FFFF,015973A0117F00,00090000000000,0561000000FFFF,00000000000000,00000000000000,00000000000000,00000000000000
2026-08-04T16:54:05.447950+00:00,170,True,8,024F04158DFFFF,015973A0118200,00090000000000,052E000000FFFF,00000000000000,00000000000000,00000000000000,00000000000000
2026-08-04T16:54:05.547203+00:00,170,True,8,024E04157DFFFF,015973A0119200,00090000000000,0561000000FFFF,00000000000000,00000000000000,00000000000000,00000000000000
2026-08-04T16:54:05.646509+00:00,170,True,8,024E041575FFFF,015773A0119A00,00090000000000,052E000000FFFF,00000000000000,00000000000000,00000000000000,00000000000000
2026-08-04T16:54:05.745766+00:00,170,True,8,024A0415A3FFFF,015873A0116C00,00090000000000,0561000000FFFF,00000000000000,00000000000000,00000000000000,00000000000000
2026-08-04T16:54:05.845073+00:00,170,True,8,02410415CFFFFF,015673A0114000,00090000000000,04E2000000FFFF,00000000000000,00000000000000,00000000000000,00000000000000
2026-08-04T16:54:05.944327+00:00,170,True,8,023C0415CEFFFF,015373A0114100,00090000000000,052E000000FFFF,00000000000000,00000000000000,00000000000000,00000000000000
2026-08-04T16:54:06.043598+00:00,170,True,8,02430415C0FFFF,015273A0114F00,00090000000000,052E000000FFFF,00000000000000,00000000000000,00000000000000,00000000000000
2026-08-04T16:54:06.142906+00:00,170,True,8,02480415B6FFFF,015873A0115900,00090000000000,0561000000FFFF,00000000000000,00000000000000,00000000000000,00000000000000
2026-08-04T16:54:06.242170+00:00,170,True,8,02460415B9FFFF,015873A0115600,00090000000000,052E000000FFFF,00000000000000,00000000000000,00000000000000,00000000000000
2026-08-04T16:54:06.341451+00:00,170,True,8,023F0415C8FFFF,015773A0114700,00090000000000,0561000000FFFF,00000000000000,00000000000000,00000000000000,00000000000000
2026-08-04T16:54:06.440756+00:00,170,True,8,02400415A1FFFF,015473A0116E00,00090000000000,052E000000FFFF,00000000000000,00000000000000,00000000000000,00000000000000
2026-08-04T16:54:06.540140+00:00,170,True,8,024F041588FFFF,015673A0118700,00090000000000,0561000000FFFF,00000000000000,00000000000000,00000000000000,00000000000000
2026-08-04T16:54:06.639487+00:00,170,True,8,025404156CFFFF,015D73A011A300,00090000000000,052E000000FFFF,00000000000000,00000000000000,00000000000000,00000000000000
2026-08-04T16:54:06.738621+00:00,170,True,8,0253041577FFFF,015C73A0119800,00090000000000,0561000000FFFF,00000000000000,00000000000000,00000000000000,00000000000000
2026-08-04T16:54:06.837944+00:00,170,True,8,024D041582FFFF,015B73A0118D00,00090000000000,052E000000FFFF,00000000000000,00000000000000,00000000000000,00000000000000
2026-08-04T16:54:06.937168+00:00,170,True,8,024A041597FFFF,015673A0117800,00090000000000,0561000000FFFF,00000000000000,00000000000000,00000000000000,00000000000000
2026-08-04T16:54:07.036433+00:00,170,True,8,024A041588FFFF,015773A0118700,00090000000000,052E000000FFFF,00000000000000,00000000000000,00000000000000,00000000000000
2026-08-04T16:54:07.135711+00:00,170,True,8,024B04158DFFFF,015673A0118200,00090000000000,0561000000FFFF,00000000000000,00000000000000,00000000000000,00000000000000
2026-08-04T16:54:07.235041+00:00,170,True,8,024F041572FFFF,015773A0119D00,00090000000000,052E000000FFFF,00000000000000,00000000000000,00000000000000,00000000000000
2026-08-04T16:54:07.334293+00:00,170,True,8,024F04157CFFFF,015873A0119300,00090000000000,0561000000FFFF,00000000000000,00000000000000,00000000000000,00000000000000
2026-08-04T16:54:07.433596+00:00,170,True,8,024904157FFFFF,015873A0119000,00090000000000,052E000000FFFF,00000000000000,00000000000000,00000000000000,00000000000000
2026-08-04T16:54:07.532856+00:00,170,True,8,0248041577FFFF,015573A0119800,00090000000000,0561000000FFFF,00000000000000,00000000000000,00000000000000,00000000000000
2026-08-04T16:54:07.632188+00:00,170,True,8,0252041563FFFF,015673A011AC00,00090000000000,052E000000FFFF,00000000000000,00000000000000,00000000000000,00000000000000
2026-08-04T16:54:07.731458+00:00,170,True,8,0253041561FFFF,015B73A011AE00,00090000000000,0561000000FFFF,00000000000000,00000000000000,00000000000000,00000000000000
2026-08-04T16:54:07.830705+00:00,170,True,8,0250041552FFFF,015973A011BD00,00090000000000,052E000000FFFF,00000000000000,00000000000000,00000000000000,00000000000000
2026-08-04T16:54:07.930015+00:00,170,True,8,024B041573FFFF,015773A0119C00,00090000000000,0561000000FFFF,00000000000000,00000000000000,00000000000000,00000000000000
2026-08-04T16:54:08.029276+00:00,170,True,8,0248041575FFFF,015473A0119A00,00090000000000,052E000000FFFF,00000000000000,00000000000000,00000000000000,00000000000000
2026-08-04T16:54:08.128562+00:00,170,True,8,024604159BFFFF,015473A0117400,00090000000000,0548000000FFFF,00000000000000,00000000000000,00000000000000,00000000000000
2026-08-04T16:54:08.227853+00:00,170,True,8,0246041598FFFF,015473A0117700,00090000000000,04E2000000FFFF,00000000000000,00000000000000,00000000000000,00000000000000
2026-08-04T16:54:08.327126+00:00,170,True,8,02470415A2FFFF,015473A0116D00,00090000000000,04FB000000FFFF,00000000000000,00000000000000,00000000000000,00000000000000
2026-08-04T16:54:08.426415+00:00,170,True,8,024B041584FFFF,015573A0118B00,00090000000000,04FB000000FFFF,00000000000000,00000000000000,00000000000000,00000000000000
2026-08-04T16:54:08.525689+00:00,170,True,8,024E04158EFFFF,015673A0118100,00090000000000,0561000000FFFF,00000000000000,00000000000000,00000000000000,00000000000000
2026-08-04T16:54:08.624999+00:00,170,True,8,024F041574FFFF,015873A0119B00,00090000000000,052E000000FFFF,00000000000000,00000000000000,00000000000000,00000000000000
2026-08-04T16:54:08.724267+00:00,170,True,8,0251041565FFFF,015673A011AA00,00090000000000,0561000000FFFF,00000000000000,00000000000000,00000000000000,00000000000000
2026-08-04T16:54:08.823540+00:00,170,True,8,024F041576FFFF,015873A0119900,00090000000000,052E000000FFFF,00000000000000,00000000000000,00000000000000,00000000000000
2026-08-04T16:54:08.922849+00:00,170,True,8,0245041593FFFF,015673A0117C00,00090000000000,0561000000FFFF,00000000000000,00000000000000,00000000000000,00000000000000
2026-08-04T16:54:09.022119+00:00,170,True,8,02400415ABFFFF,015373A0116400,00090000000000,052E000000FFFF,00000000000000,00000000000000,00000000000000,00000000000000
2026-08-04T16:54:09.121430+00:00,170,True,8,02390415DBFFFF,015073A0113400,00090000000000,0561000000FFFF,00000000000000,00000000000000,00000000000000,00000000000000
2026-08-04T16:54:09.220684+00:00,170,True,8,023B0415CBFFFF,014F73A0114400,00090000000000,052E000000FFFF,00000000000000,00000000000000,00000000000000,00000000000000
2026-08-04T16:54:09.319968+00:00,170,True,8,024A0415A2FFFF,015173A0116D00,00090000000000,0561000000FFFF,00000000000000,00000000000000,00000000000000,00000000000000
2026-08-04T16:54:09.419259+00:00,170,True,8,0250041591FFFF,015973A0117E00,00090000000000,052E000000FFFF,00000000000000,00000000000000,00000000000000,00000000000000
2026-08-04T16:54:09.518529+00:00,170,True,8,024A0415A9FFFF,015973A0116600,00090000000000,0561000000FFFF,00000000000000,00000000000000,00000000000000,00000000000000
2026-08-04T16:54:09.617823+00:00,170,True,8,02400415B2FFFF,015673A0115D00,00090000000000,0548000000FFFF,00000000000000,00000000000000,00000000000000,00000000000000
2026-08-04T16:54:09.717108+00:00,170,True,8,023F0415B7FFFF,015073A0115800,00090000000000,0561000000FFFF,00000000000000,00000000000000,00000000000000,00000000000000
2026-08-04T16:54:09.816392+00:00,170,True,8,02410415AEFFFF,015373A0116100,00090000000000,052E000000FFFF,00000000000000,00000000000000,00000000000000,00000000000000
2026-08-04T16:54:09.915686+00:00,170,True,8,024904159BFFFF,015373A0117400,00090000000000,0561000000FFFF,00000000000000,00000000000000,00000000000000,00000000000000
2026-08-04T16:54:10.014951+00:00,170,True,8,024A0415B0FFFF,015973A0115F00,00090000000000,052E000000FFFF,00000000000000,00000000000000,00000000000000,00000000000000
2026-08-04T16:54:10.114241+00:00,170,True,8,02460415B4FFFF,015873A0115B00,00090000000000,04AE000000FFFF,00000000000000,00000000000000,00000000000000,00000000000000
2026-08-04T16:54:10.213533+00:00,170,True,8,02470415A3FFFF,015773A0116C00,00090000000000,04C8000000FFFF,00000000000000,00000000000000,00000000000000,00000000000000
2026-08-04T16:54:10.312813+00:00,170,True,8,024B041594FFFF,015573A0117B00,00090000000000,0548000000FFFF,00000000000000,00000000000000,00000000000000,00000000000000
2026-08-04T16:54:10.412098+00:00,170,True,8,024D041595FFFF,015773A0117A00,00090000000000,052E000000FFFF,00000000000000,00000000000000,00000000000000,00000000000000
2026-08-04T16:54:10.511376+00:00,170,True,8,02470415A6FFFF,015773A0116900,00090000000000,0561000000FFFF,00000000000000,00000000000000,00000000000000,00000000000000
2026-08-04T16:54:10.610669+00:00,170,True,8,023F0415ABFFFF,015473A0116400,00090000000000,052E000000FFFF,00000000000000,00000000000000,00000000000000,00000000000000
2026-08-04T16:54:10.709955+00:00,170,True,8,024004159DFFFF,015273A0117200,00090000000000,0561000000FFFF,00000000000000,00000000000000,00000000000000,00000000000000
2026-08-04T16:54:10.809481+00:00,170,True,8,024704158FFFFF,015273A0118000,00090000000000,0548000000FFFF,00000000000000,00000000000000,00000000000000,00000000000000
2026-08-04T16:54:10.908545+00:00,170,True,8,024C041592FFFF,015773A0117D00,00090000000000,0561000000FFFF,00000000000000,00000000000000,00000000000000,00000000000000
2026-08-04T16:54:11.007800+00:00,170,True,8,024A041598FFFF,015873A0117700,00090000000000,0548000000FFFF,00000000000000,00000000000000,00000000000000,00000000000000
2026-08-04T16:54:11.107094+00:00,170,True,8,0249041596FFFF,015673A0117900,00090000000000,0561000000FFFF,00000000000000,00000000000000,00000000000000,00000000000000
2026-08-04T16:54:11.206367+00:00,170,True,8,0249041597FFFF,015673A0117800,00090000000000,052E000000FFFF,00000000000000,00000000000000,00000000000000,00000000000000
2026-08-04T16:54:11.305689+00:00,170,True,8,024804159BFFFF,015773A0117400,00090000000000,0561000000FFFF,00000000000000,00000000000000,00000000000000,00000000000000
2026-08-04T16:54:11.404952+00:00,170,True,8,02440415A2FFFF,015673A0116D00,00090000000000,0548000000FFFF,00000000000000,00000000000000,00000000000000,00000000000000
2026-08-04T16:54:11.504215+00:00,170,True,8,0244041589FFFF,015573A0118600,00090000000000,0561000000FFFF,00000000000000,00000000000000,00000000000000,00000000000000
2026-08-04T16:54:11.603528+00:00,170,True,8,0247041589FFFF,015373A0118600,00090000000000,0548000000FFFF,00000000000000,00000000000000,00000000000000,00000000000000
2026-08-04T16:54:11.702854+00:00,170,True,8,024B041573FFFF,015673A0119C00,00090000000000,0561000000FFFF,00000000000000,00000000000000,00000000000000,00000000000000
2026-08-04T16:54:11.802245+00:00,170,True,8,024B04157BFFFF,015573A0119400,00090000000000,052E000000FFFF,00000000000000,00000000000000,00000000000000,00000000000000
2026-08-04T16:54:11.901388+00:00,170,True,8,024D041567FFFF,015573A011A800,00090000000000,0561000000FFFF,00000000000000,00000000000000,00000000000000,00000000000000
2026-08-04T16:54:12.000640+00:00,170,True,8,024C041590FFFF,015673A0117F00,00090000000000,052E000000FFFF,00000000000000,00000000000000,00000000000000,00000000000000
2026-08-04T16:54:12.099962+00:00,170,True,8,02420415AFFFFF,015573A0116000,00090000000000,052E000000FFFF,00000000000000,00000000000000,00000000000000,00000000000000
2026-08-04T16:54:12.199206+00:00,170,True,8,02370415D1FFFF,015173A0113E00,00090000000000,0548000000FFFF,00000000000000,00000000000000,00000000000000,00000000000000
2026-08-04T16:54:12.298499+00:00,170,True,8,02350415CCFFFF,014D73A0114300,00090000000000,0561000000FFFF,00000000000000,00000000000000,00000000000000,00000000000000
2026-08-04T16:54:12.397791+00:00,170,True,8,02380415E4FFFF,014D73A0112B00,00090000000000,0548000000FFFF,00000000000000,00000000000000,00000000000000,00000000000000
2026-08-04T16:54:12.497057+00:00,170,True,8,023C0415D8FFFF,015173A0113700,00090000000000,0561000000FFFF,00000000000000,00000000000000,00000000000000,00000000000000
2026-08-04T16:54:12.596350+00:00,170,True,8,02470415A7FFFF,015273A0116800,00090000000000,0548000000FFFF,00000000000000,00000000000000,00000000000000,00000000000000
2026-08-04T16:54:12.695632+00:00,170,True,8,025104158FFFFF,015773A0118000,00090000000000,0561000000FFFF,00000000000000,00000000000000,00000000000000,00000000000000
2026-08-04T16:54:12.794913+00:00,170,True,8,0250041593FFFF,015973A0117C00,00090000000000,0548000000FFFF,00000000000000,00000000000000,00000000000000,00000000000000
2026-08-04T16:54:12.894239+00:00,170,True,8,024C041586FFFF,015673A0118900,00090000000000,0561000000FFFF,00000000000000,00000000000000,00000000000000,00000000000000
2026-08-04T16:54:12.993486+00:00,170,True,8,024904158FFFFF,015473A0118000,00090000000000,0548000000FFFF,00000000000000,00000000000000,00000000000000,00000000000000
2026-08-04T16:54:13.092770+00:00,170,True,8,024504158EFFFF,015373A0118100,00090000000000,0561000000FFFF,00000000000000,00000000000000,00000000000000,00000000000000
2026-08-04T16:54:13.192051+00:00,170,True,8,024804157BFFFF,015073A0119400,00090000000000,0548000000FFFF,00000000000000,00000000000000,00000000000000,00000000000000
2026-08-04T16:54:13.291335+00:00,170,True,8,024E04156AFFFF,015473A011A500,00090000000000,0561000000FFFF,00000000000000,00000000000000,00000000000000,00000000000000
2026-08-04T16:54:13.390622+00:00,170,True,8,024904157EFFFF,015573A0119100,00090000000000,0548000000FFFF,00000000000000,00000000000000,00000000000000,00000000000000
2026-08-04T16:54:13.489922+00:00,170,True,8,0242041599FFFF,015373A0117600,00090000000000,0561000000FFFF,00000000000000,00000000000000,00000000000000,00000000000000
2026-08-04T16:54:13.589191+00:00,170,True,8,02410415A9FFFF,015073A0116600,00090000000000,0548000000FFFF,00000000000000,00000000000000,00000000000000,00000000000000
2026-08-04T16:54:13.688472+00:00,170,True,8,02420415B6FFFF,015073A0115900,00090000000000,04AE000000FFFF,00000000000000,00000000000000,00000000000000,00000000000000
2026-08-04T16:54:13.787759+00:00,170,True,8,02420415ABFFFF,015173A0116400,00090000000000,0548000000FFFF,00000000000000,00000000000000,00000000000000,00000000000000
2026-08-04T16:54:13.887088+00:00,170,True,8,0244041598FFFF,015373A0117700,00090000000000,0561000000FFFF,00000000000000,00000000000000,00000000000000,00000000000000
2026-08-04T16:54:13.986320+00:00,170,True,8,024804158CFFFF,015273A0118300,00090000000000,0548000000FFFF,00000000000000,00000000000000,00000000000000,00000000000000
2026-08-04T16:54:14.085620+00:00,170,True,8,0249041580FFFF,015673A0118F00,00090000000000,0561000000FFFF,00000000000000,00000000000000,00000000000000,00000000000000
2026-08-04T16:54:14.184905+00:00,170,True,8,024504158DFFFF,015373A0118200,00090000000000,0548000000FFFF,00000000000000,00000000000000,00000000000000,00000000000000
2026-08-04T16:54:14.284182+00:00,170,True,8,02420415A0FFFF,015373A0116F00,00090000000000,0561000000FFFF,00000000000000,00000000000000,00000000000000,00000000000000
2026-08-04T16:54:14.383457+00:00,170,True,8,0242041597FFFF,015373A0117800,00090000000000,0548000000FFFF,00000000000000,00000000000000,00000000000000,00000000000000
2026-08-04T16:54:14.482749+00:00,170,True,8,024304159FFFFF,015273A0117000,00090000000000,0561000000FFFF,00000000000000,00000000000000,00000000000000,00000000000000
2026-08-04T16:54:14.582054+00:00,170,True,8,0246041594FFFF,015373A0117B00,00090000000000,0548000000FFFF,00000000000000,00000000000000,00000000000000,00000000000000
2026-08-04T16:54:14.681319+00:00,170,True,8,0246041594FFFF,015473A0117B00,00090000000000,0561000000FFFF,00000000000000,00000000000000,00000000000000,00000000000000
2026-08-04T16:54:14.780611+00:00,170,True,8,0248041573FFFF,015373A0119C00,00090000000000,0548000000FFFF,00000000000000,00000000000000,00000000000000,00000000000000
2026-08-04T16:54:14.879928+00:00,170,True,8,025204155AFFFF,015473A011B500,00090000000000,0561000000FFFF,00000000000000,00000000000000,00000000000000,00000000000000
2026-08-04T16:54:14.979173+00:00,170,True,8,025104155BFFFF,015873A011B400,00090000000000,0548000000FFFF,00000000000000,00000000000000,00000000000000,00000000000000
2026-08-04T16:54:15.078466+00:00,170,True,8,0245041571FFFF,015673A0119E00,00090000000000,0561000000FFFF,00000000000000,00000000000000,00000000000000,00000000000000
2026-08-04T16:54:15.177767+00:00,170,True,8,0241041572FFFF,015073A0119D00,00090000000000,0548000000FFFF,00000000000000,00000000000000,00000000000000,00000000000000
2026-08-04T16:54:15.277026+00:00,170,True,8,0241041594FFFF,014E73A0117B00,00090000000000,0561000000FFFF,00000000000000,00000000000000,00000000000000,00000000000000
2026-08-04T16:54:15.376319+00:00,170,True,8,024104157FFFFF,014E73A0119000,00090000000000,052E000000FFFF,00000000000000,00000000000000,00000000000000,00000000000000
2026-08-04T16:54:15.475587+00:00,170,True,8,024A041574FFFF,014F73A0119B00,00090000000000,04FB000000FFFF,00000000000000,00000000000000,00000000000000,00000000000000
2026-08-04T16:54:15.574895+00:00,170,True,8,0250041564FFFF,015573A011AB00,00090000000000,0495000000FFFF,00000000000000,00000000000000,00000000000000,00000000000000
2026-08-04T16:54:15.674167+00:00,170,True,8,024704157DFFFF,015373A0119200,00090000000000,0561000000FFFF,00000000000000,00000000000000,00000000000000,00000000000000
2026-08-04T16:54:15.773455+00:00,170,True,8,023E041588FFFF,014E73A0118700,00090000000000,0548000000FFFF,00000000000000,00000000000000,00000000000000,00000000000000
2026-08-04T16:54:15.872783+00:00,170,True,8,0243041578FFFF,014D73A0119700,00090000000000,0561000000FFFF,00000000000000,00000000000000,00000000000000,00000000000000
2026-08-04T16:54:15.972585+00:00,170,True,8,0249041562FFFF,015073A011AD00,00090000000000,0548000000FFFF,00000000000000,00000000000000,00000000000000,00000000000000
2026-08-04T16:54:16.071330+00:00,170,True,8,0249041573FFFF,015373A0119C00,00090000000000,0561000000FFFF,00000000000000,00000000000000,00000000000000,00000000000000
2026-08-04T16:54:16.170595+00:00,170,True,8,024504157FFFFF,015273A0119000,00090000000000,0561000000FFFF,00000000000000,00000000000000,00000000000000,00000000000000
2026-08-04T16:54:16.269874+00:00,170,True,8,024304159BFFFF,014F73A0117400,00090000000000,0561000000FFFF,00000000000000,00000000000000,00000000000000,00000000000000
2026-08-04T16:54:16.369160+00:00,170,True,8,023F0415A1FFFF,014E73A0116E00,00090000000000,0548000000FFFF,00000000000000,00000000000000,00000000000000,00000000000000
2026-08-04T16:54:16.468453+00:00,170,True,8,023E0415A2FFFF,014D73A0116D00,00090000000000,0561000000FFFF,00000000000000,00000000000000,00000000000000,00000000000000
2026-08-04T16:54:16.567735+00:00,170,True,8,0241041590FFFF,014E73A0117F00,00090000000000,0561000000FFFF,00000000000000,00000000000000,00000000000000,00000000000000
2026-08-04T16:54:16.667027+00:00,170,True,8,0244041583FFFF,014D73A0118C00,00090000000000,0561000000FFFF,00000000000000,00000000000000,00000000000000,00000000000000
2026-08-04T16:54:16.766294+00:00,170,True,8,0243041596FFFF,015273A0117900,00090000000000,0548000000FFFF,00000000000000,00000000000000,00000000000000,00000000000000
2026-08-04T16:54:16.865634+00:00,170,True,8,023F0415A7FFFF,015073A0116800,00090000000000,0548000000FFFF,00000000000000,00000000000000,00000000000000,00000000000000
2026-08-04T16:54:16.964868+00:00,170,True,8,0240041599FFFF,014E73A0117600,00090000000000,047B000000FFFF,00000000000000,00000000000000,00000000000000,00000000000000
2026-08-04T16:54:17.064151+00:00,170,True,8,0243041590FFFF,014D73A0117F00,00090000000000,0548000000FFFF,00000000000000,00000000000000,00000000000000,00000000000000
2026-08-04T16:54:17.163488+00:00,170,True,8,0243041592FFFF,015173A0117D00,00090000000000,0548000000FFFF,00000000000000,00000000000000,00000000000000,00000000000000
2026-08-04T16:54:17.262718+00:00,170,True,8,0243041586FFFF,015073A0118900,00090000000000,0561000000FFFF,00000000000000,00000000000000,00000000000000,00000000000000
2026-08-04T16:54:17.362029+00:00,170,True,8,024004158EFFFF,015073A0118100,00090000000000,0548000000FFFF,00000000000000,00000000000000,00000000000000,00000000000000
2026-08-04T16:54:17.461285+00:00,170,True,8,02360415D0FFFF,014F73A0113F00,00090000000000,0561000000FFFF,00000000000000,00000000000000,00000000000000,00000000000000
2026-08-04T16:54:17.560577+00:00,170,True,8,02310415C2FFFF,014A73A0114D00,00090000000000,0561000000FFFF,00000000000000,00000000000000,00000000000000,00000000000000
2026-08-04T16:54:17.659878+00:00,170,True,8,024304157FFFFF,014973A0119000,00090000000000,0561000000FFFF,00000000000000,00000000000000,00000000000000,00000000000000
2026-08-04T16:54:17.759171+00:00,170,True,8,025104156DFFFF,015473A011A200,00090000000000,0561000000FFFF,00000000000000,00000000000000,00000000000000,00000000000000
2026-08-04T16:54:17.858465+00:00,170,True,8,024A04155AFFFF,015673A011B500,00090000000000,0561000000FFFF,00000000000000,00000000000000,00000000000000,00000000000000
2026-08-04T16:54:17.957710+00:00,170,True,8,024004156AFFFF,015073A011A500,00090000000000,0548000000FFFF,00000000000000,00000000000000,00000000000000,00000000000000
2026-08-04T16:54:18.057030+00:00,170,True,8,023C04156FFFFF,014C73A011A000,00090000000000,0561000000FFFF,00000000000000,00000000000000,00000000000000,00000000000000
2026-08-04T16:54:18.156286+00:00,170,True,8,023E041577FFFF,014973A0119800,00090000000000,0548000000FFFF,00000000000000,00000000000000,00000000000000,00000000000000
2026-08-04T16:54:18.255570+00:00,170,True,8,024604156CFFFF,014C73A011A300,00090000000000,0548000000FFFF,00000000000000,00000000000000,00000000000000,00000000000000
2026-08-04T16:54:18.354854+00:00,170,True,8,0244041578FFFF,014F73A0119700,00090000000000,04FB000000FFFF,00000000000000,00000000000000,00000000000000,00000000000000
2026-08-04T16:54:18.454131+00:00,170,True,8,024304156AFFFF,014D73A011A500,00090000000000,0561000000FFFF,00000000000000,00000000000000,00000000000000,00000000000000
2026-08-04T16:54:18.553429+00:00,170,True,8,024804155BFFFF,014D73A011B400,00090000000000,0561000000FFFF,00000000000000,00000000000000,00000000000000,00000000000000
2026-08-04T16:54:18.652707+00:00,170,True,8,024A041546FFFF,015073A011C900,00090000000000,0561000000FFFF,00000000000000,00000000000000,00000000000000,00000000000000
2026-08-04T16:54:18.751992+00:00,170,True,8,024A041541FFFF,014F73A011CE00,00090000000000,0561000000FFFF,00000000000000,00000000000000,00000000000000,00000000000000
2026-08-04T16:54:18.851276+00:00,170,True,8,024A04152FFFFF,014E73A011E000,00090000000000,0561000000FFFF,00000000000000,00000000000000,00000000000000,00000000000000
2026-08-04T16:54:18.950555+00:00,170,True,8,0245041555FFFF,014E73A011BA00,00090000000000,0561000000FFFF,00000000000000,00000000000000,00000000000000,00000000000000
2026-08-04T16:54:19.049855+00:00,170,True,8,024104154FFFFF,014B73A011C000,00090000000000,0561000000FFFF,00000000000000,00000000000000,00000000000000,00000000000000
2026-08-04T16:54:19.149128+00:00,170,True,8,0247041547FFFF,014973A011C800,00090000000000,0561000000FFFF,00000000000000,00000000000000,00000000000000,00000000000000
2026-08-04T16:54:19.248415+00:00,170,True,8,024804154AFFFF,014D73A011C500,00090000000000,0561000000FFFF,00000000000000,00000000000000,00000000000000,00000000000000
2026-08-04T16:54:19.347702+00:00,170,True,8,0245041556FFFF,014B73A011B900,00090000000000,0561000000FFFF,00000000000000,00000000000000,00000000000000,00000000000000
2026-08-04T16:54:19.446978+00:00,170,True,8,0242041560FFFF,014C73A011AF00,00090000000000,0561000000FFFF,00000000000000,00000000000000,00000000000000,00000000000000
2026-08-04T16:54:19.546292+00:00,170,True,8,0239041575FFFF,014973A0119A00,00090000000000,0561000000FFFF,00000000000000,00000000000000,00000000000000,00000000000000
2026-08-04T16:54:19.645579+00:00,170,True,8,0238041579FFFF,014873A0119600,00090000000000,0548000000FFFF,00000000000000,00000000000000,00000000000000,00000000000000
2026-08-04T16:54:19.744841+00:00,170,True,8,023F041562FFFF,014673A011AD00,00090000000000,0561000000FFFF,00000000000000,00000000000000,00000000000000,00000000000000
2026-08-04T16:54:19.844161+00:00,170,True,8,0248041550FFFF,014B73A011BF00,00090000000000,0548000000FFFF,00000000000000,00000000000000,00000000000000,00000000000000
2026-08-04T16:54:19.943410+00:00,170,True,8,024A041549FFFF,014E73A011C600,00090000000000,04C8000000FFFF,00000000000000,00000000000000,00000000000000,00000000000000
2026-08-04T16:54:20.042701+00:00,170,True,8,0249041541FFFF,014E73A011CE00,00090000000000,0548000000FFFF,00000000000000,00000000000000,00000000000000,00000000000000
2026-08-04T16:54:20.141983+00:00,170,True,8,024504153EFFFF,014C73A011D100,00090000000000,0561000000FFFF,00000000000000,00000000000000,00000000000000,00000000000000
2026-08-04T16:54:20.241269+00:00,170,True,8,024304153FFFFF,014B73A011D000,00090000000000,0561000000FFFF,00000000000000,00000000000000,00000000000000,00000000000000
2026-08-04T16:54:20.340550+00:00,170,True,8,023D041559FFFF,014973A011B600,00090000000000,0561000000FFFF,00000000000000,00000000000000,00000000000000,00000000000000
